Group Name,Group URI,Requests,
The Six Figure Army- Mission: Success,https://www.facebook.com/groups/sfcmission,0,Disconnect Group
Affiliate SEO Mastermind,https://www.facebook.com/groups/thelabresults,0,Disconnect Group
Amazing Women Entrepreneurs Network,https://www.facebook.com/groups/1162592607143659,39,Disconnect Group
Boss BABE // Share Your Business - Learn + Teach,https://www.facebook.com/groups/bossbabeshareyourbusiness,0,Disconnect Group
Boss Babes Networking,https://www.facebook.com/groups/BossBabesWork,0,Disconnect Group
Boss Girl Bloggers ‚ú®,https://www.facebook.com/groups/1893619480896731,0,Disconnect Group
Boss-Moms,https://www.facebook.com/groups/960492677336904,263,Disconnect Group
Boston Business Women,https://www.facebook.com/groups/707324206031298,226,Disconnect Group
Business Lounge For Female Entrepreneurs,https://www.facebook.com/groups/WomenBusinessLounge,0,Disconnect Group
ClickFunnels (Official),https://www.facebook.com/groups/510495802383466,0,Disconnect Group
Digital Marketing Agency Success,https://www.facebook.com/groups/agencysuccess,0,Disconnect Group
EcommerceMindset,https://www.facebook.com/groups/EcommerceMindset,0,Disconnect Group
Entrepreneurs Thriving in Business,https://www.facebook.com/groups/549448862983950,0,Disconnect Group
Facebook Ads & Funnels,https://www.facebook.com/groups/542314903206706,0,Disconnect Group
Female Entrepreneurs: Start Your Online Business & Get Clients,https://www.facebook.com/groups/startyouronlinebusinessandgetclients,0,Disconnect Group
Freelancing Females,https://www.facebook.com/groups/521845388203729,88,Disconnect Group
HighLevel - Official Community,https://www.facebook.com/groups/gohighlevel,0,Disconnect Group
HighLevel Job Network,https://www.facebook.com/groups/highleveljobnetwork,0,Disconnect Group
How You Built That,https://www.facebook.com/groups/HowYouBuiltThat,0,Disconnect Group
Hustling Entrepreneurs,https://www.facebook.com/groups/4102894526408008,0,Disconnect Group
Instacart and Shipt: Gig Workers' Collective,https://www.facebook.com/groups/gigworkerscollective,0,Disconnect Group
Introvert Women Entrepreneurs,https://www.facebook.com/groups/introvertentrepreneur,0,Disconnect Group
Local Business Facebook Ad Buyers,https://www.facebook.com/groups/localbusinessadbuyers,0,Disconnect Group
Local Marketing Agency Success,https://www.facebook.com/groups/208407446525274,92,Disconnect Group
Marketing for Women in Business,https://www.facebook.com/groups/67776624809,0,Disconnect Group
Moms Helping Moms Business Network Group,https://www.facebook.com/groups/692164617511552,51,Disconnect Group
Moms with A Side Hustle,https://www.facebook.com/groups/234671967706551,0,Disconnect Group
"Podcast Guest Collaboration Community - Find a Guest, Be a Guest",https://www.facebook.com/groups/podcastguestcollaboration,0,Disconnect Group
Ready Set Blog for Traffic (From Mom to Mompreneur),https://www.facebook.com/groups/momtomompreneur,0,Disconnect Group
SaaS Growth Hacks,https://www.facebook.com/groups/SaaSgrowthhacking,0,Disconnect Group
SEO Signals Lab,https://www.facebook.com/groups/SEOSignalsLab,0,Disconnect Group
Side Hustles & Small Business Ideas,https://www.facebook.com/groups/sidejobsandhustles,0,Disconnect Group
Social Media For Entrepreneurs,https://www.facebook.com/groups/1529696874000681,0,Disconnect Group
Social Media Marketing,https://www.facebook.com/groups/ocialmediamarketing,0,Disconnect Group
Social Media United Private Member's Community,https://www.facebook.com/groups/socialmediaunited,0,Disconnect Group
"Social Media, Marketing & PR Jobs",https://www.facebook.com/groups/socialmediajob,0,Disconnect Group
Social Salad Society,https://www.facebook.com/groups/1371760096265842,0,Disconnect Group
Societygal - A Community for Creative Female Entrepreneurs.,https://www.facebook.com/groups/societygal,0,Disconnect Group
Successful Women Entrepreneurs,https://www.facebook.com/groups/577346489703716,53,Disconnect Group
Superstar SEO,https://www.facebook.com/groups/superstarseo,0,Disconnect Group
The Confident OBM Community,https://www.facebook.com/groups/confidentobm,0,Disconnect Group
The female entrepreneur community,https://www.facebook.com/groups/forfemaleentrepreneurs,0,Disconnect Group
The Infinite Power Of You | Entrepreneurs & Business Badasses Community,https://www.facebook.com/groups/theinfinitepowerofyouinc,0,Disconnect Group
The Secret Team,https://www.facebook.com/groups/425584750821878,0,Disconnect Group
"The Six Figure Success Society For Coaches, Consultants + Course Creators",https://www.facebook.com/groups/thesixfiguresuccesssociety,0,Disconnect Group
The Social Bungalow Community üå¥hosted by Shannon Matson,https://www.facebook.com/groups/TheSocialBungalow,0,Disconnect Group
The Successful Bookkeeper,https://www.facebook.com/groups/1803698126578678,1,Disconnect Group
Tribe of UNSTOPPABLES,https://www.facebook.com/groups/2080754075505322,0,Disconnect Group
Unicorn Client Attraction Secrets For High Vibe Wonder Women,https://www.facebook.com/groups/wonderwomenthrive,0,Disconnect Group
"Virtual Assistant Tips, Tricks & Advice",https://www.facebook.com/groups/vatipstricks,0,Disconnect Group
Women Entrepreneurs - A Networking Community Helping Businesses Grow,https://www.facebook.com/groups/womenentrepreneursanetworkingcommunity,0,Disconnect Group
Women Helping Women Entrepreneurs,https://www.facebook.com/groups/2125964544295641,169,Disconnect Group
Women In Alignment - A Business Networking Group,https://www.facebook.com/groups/womeninalignmentgroup,0,Disconnect Group
Women In Business Community,https://www.facebook.com/groups/553887941461652,41,Disconnect Group
Women On The Rise Group,https://www.facebook.com/groups/326974221074562,0,Disconnect Group
Women's Entrepreneur Network,https://www.facebook.com/groups/1025050584188927,61,Disconnect Group
WordPress Developer & Web Designer ‚òëÔ∏è,https://www.facebook.com/groups/WordpressDeveloperWebDesigner,0,Disconnect Group